GaugeID,Station,Latitude,Longitude,CWC_station_code,CWC_name,distance_km
INDOFLOODS-gauge-394,Biligundulu,12.18,77.73,024-CDBNG,BILIGUNDULU,0.71
INDOFLOODS-gauge-118,Jainagar,26.5833,86.1481,020-MGD4PTN,Jainagar,0.75
INDOFLOODS-gauge-119,Jhanjharpur,26.2333,86.2594,021-MGD4PTN,Jhanjharpur,0.78
INDOFLOODS-gauge-121,DHENG BRIDGE,26.7228,85.3231,015-MGD4PTN,Dheng Bridge,0.13
INDOFLOODS-gauge-560,Burhanpur,21.2994,76.235,015-TDSURAT,BURHANPUR,0.17
INDOFLOODS-gauge-571,Pauni,20.7947,79.6478,009-WGDNGP,Pauni,0.17
INDOFLOODS-gauge-361,T.k.halli,12.4167,77.1925,020-CDBNG,T.K.HALLI,0.53
INDOFLOODS-gauge-964,garhmukteshwar,28.7667,78.1417,017-MGD2LKN,Garhmukteshwar,0.03
INDOFLOODS-gauge-120,Dhengraghat,25.8478,87.8031,030-MGD4PTN,Dhengraghat,0.43
INDOFLOODS-gauge-364,Bantwal,12.8844,75.0431,027-CDBNG,BANTWAL,0.45
INDOFLOODS-gauge-955,moradabad,28.8267,78.7981,008-MGD2LKN,Moradabad,0.02
INDOFLOODS-gauge-349,Santeguli,14.4344,74.5861,029CDBNG,SANTEGULI,0.3
INDOFLOODS-gauge-117,Dumariaghat,26.3792,84.7317,011-MGD4PTN,Dumariaghat,2.78
INDOFLOODS-gauge-960,fatehgarh,27.4042,79.625,003-MGD2LKN,Fatehgarh,0.37
INDOFLOODS-gauge-429,Thumpamon,9.22,76.71,020-SWRDKOCHI,THUMPAMON,1.4
INDOFLOODS-gauge-957,kanpur,26.4694,80.3764,012-MGD2LKN,Kanpur,0.38
INDOFLOODS-gauge-427,Kallooppara,9.4036,76.6503,017-SWRDKOCHI,KALLOOPPARA,0.0
INDOFLOODS-gauge-396,Yennehole,13.2942,74.9808,030CDBNG,YENNEHOLE,0.01
INDOFLOODS-gauge-29,Mantralayam,15.9483,77.4264,013-LKDHYD,Mantralayam,1.15
INDOFLOODS-gauge-130,Jagdalpur,19.1081,82.0228,006-LGDHYD,Jagdalpur,0.01
INDOFLOODS-gauge-948,ankinghat,26.9347,80.0361,011-MGD2LKN,Ankinghat,0.38
INDOFLOODS-gauge-115,Benibad,26.1453,85.6922,017-MGD4PTN,Benibad,0.07
INDOFLOODS-gauge-164,delhi rly bridge,28.6625,77.2467,015-UYDDEL,Delhi Railway Bridge,0.21
INDOFLOODS-gauge-953,kachlabridge,27.9319,78.8606,002-MGD2LKN,Kachhla Bridge,0.19
INDOFLOODS-gauge-113,Baltara,25.5006,86.75,024-MGD4PTN,Baltara,5.06
INDOFLOODS-gauge-966,Banda,25.4833,80.3133,014-LYDAGRA,BANDA,0.24
INDOFLOODS-gauge-1059,Domohani ,26.5628,88.7583,022-LBDJPG,DOMOHANI,0.33
INDOFLOODS-gauge-85,Srikakulam,18.3133,83.8842,040-ERDBWN,Srikakulam,0.01
INDOFLOODS-gauge-397,Gokak falls,16.19,74.7914,008-UKDPUNE,Gokak,1.41
INDOFLOODS-gauge-739,Anandapur,21.2111,86.1206,015-ERDBWN,Anandpur,0.0
INDOFLOODS-gauge-125,Saulighat,26.4089,85.8597,019-MGD4PTN,Saulighat,1.21
INDOFLOODS-gauge-114,Lalbegiyaghat,26.7153,84.9586,058-MGD4PTN,Lakhoura,1.47
INDOFLOODS-gauge-372,Addoor,12.9303,74.9531,025CDBNG,ADDOOR,0.18
INDOFLOODS-gauge-124,Hayaghat,26.0333,85.9,018-MGD4PTN,Hayaghat,1.34
INDOFLOODS-gauge-679,Yelli,19.0439,77.4556,016-UGDHYD,Yelli,1.51
INDOFLOODS-gauge-958,dabri,27.4958,79.6972,010-MGD2LKN,Dabri,0.25
INDOFLOODS-gauge-643,Terwad (seasonal),16.6753,74.5736,006-UKDPUNE,Terwad (Seasonal),0.14
INDOFLOODS-gauge-32,Bawapuram,15.8833,77.9572,014-LKDHYD,Bawapuram,0.09
INDOFLOODS-gauge-650,Yerli,20.9358,76.4756,012-TDSURAT,YERLI,0.16
INDOFLOODS-gauge-532,Ujjain.,23.1683,75.7711,004-CDJPR,Ujjain,1.78
INDOFLOODS-gauge-472,Hoshangabad,22.7561,77.7328,016-NDBHP,Narmadapuram,0.13
INDOFLOODS-gauge-503,Dholpur,26.6656,77.9667,003-LYDAGRA,DHOLPUR,6.36
INDOFLOODS-gauge-636,Gopalkheda,20.8742,76.9897,011-TDSURAT,GOPALKHEDA,0.18
INDOFLOODS-gauge-707,Govindapur (nh5 road bridge),21.55,86.92,005-ERDBWN,Govindpur (NH5 Road Bridge),0.32
INDOFLOODS-gauge-562,Purna at gopalkheda,20.8742,76.9897,011-TDSURAT,GOPALKHEDA,0.18
INDOFLOODS-gauge-440,Pattazhy,9.0728,76.7611,019-SWRDKOCHI,PATTAZHY,0.0
INDOFLOODS-gauge-768,Kashinagar,18.8483,83.8731,036-ERDBWN,Kashinagar,0.01
INDOFLOODS-gauge-815,Barod,25.3833,76.3339,015-CDJAPR,Barod,1.41
INDOFLOODS-gauge-482,Pali,25.8633,76.5767,012-CDJAPR,Pali,1.31
INDOFLOODS-gauge-116,Ekmighat,26.1167,85.8589,014-MGD4PTN,Ekmighat,1.77
INDOFLOODS-gauge-976,mawi,29.3847,77.1556,012-UYDDEL,Mawi ,0.27
INDOFLOODS-gauge-1050,Tufanganj,26.3089,89.6756,025-LBDJPG,Tufanganj,0.63
INDOFLOODS-gauge-509,Mohanpur,24.83,78.08,031-LYDAGRA,RAJGHAT DAM,17.03
INDOFLOODS-gauge-1078,patna (LGD) kalna ebb,23.2247,88.3742,013-LGD3BEH,KALNA (Ebb),0.52
INDOFLOODS-gauge-852,Kuzhithurai,8.3053,77.1856,022-SWRDKOCHI,KUZHITHURAI,0.48
INDOFLOODS-gauge-417,Kumbidi,10.85,76.02,CW1VAR000466,KUTTIPPURAM,1.05
INDOFLOODS-gauge-609,Bamni (balharsha),19.81,79.38,017-WGDNGP,Bamni (Ballarsha),0.5
INDOFLOODS-gauge-612,Takli,17.4131,75.8478,011-UKDPUNE,Takli,0.12
INDOFLOODS-gauge-369,Haralahalli,14.8306,75.6744,003-CDBNG,Haralahalli,0.01
INDOFLOODS-gauge-715,Purushottampur,19.5167,84.8833,029-ERDBWN,Purusottampur,0.01
INDOFLOODS-gauge-319,T. bekkupe,12.5172,77.4369,019-CDBNG,T. BEKKUPE,1.47
INDOFLOODS-gauge-858,Theni,10.0011,77.485,016-SRDCBE,THENI,0.0
INDOFLOODS-gauge-939,Nizam sagar(stat govt. site),18.2167,77.9406,019-UGDHYD,Nizamsagar Reservoir,2.08
INDOFLOODS-gauge-981,shahijina,25.95,80.1478,0010-LYDAGRA,SAHIJINA,0.81
INDOFLOODS-gauge-997,rishikesh,30.1008,78.3039,014-HGDDDN,Rishikesh,0.25
INDOFLOODS-gauge-355,Sakleshpur,12.9528,75.7856,011-CDBNG,SAKLESHPUR,1.38
INDOFLOODS-gauge-946,kannauj,27.01,79.98,004-MGD2LKN,Kannauj,1.24
INDOFLOODS-gauge-970,Hamirpur,25.9796,80.1289,016-LYDAGRA,HAMIRPUR,3.29
INDOFLOODS-gauge-962,narora,28.1911,78.4,023-MGD2LKN,Narora Down Stream,0.0
INDOFLOODS-gauge-977,Etawah,26.75,78.9833,002-LYDAGRA,ETAWAH,0.03
INDOFLOODS-gauge-678,Kurundwad,16.6836,74.6031,005-UKDPUNE,KURUNDWAD,0.13
INDOFLOODS-gauge-724,Gunupur,19.0833,83.8056,035-ERDBWN,Gunupur,0.01
INDOFLOODS-gauge-759,Jenapur,20.8897,86.0142,023-ERDBWN,Jenapur,1.16
INDOFLOODS-gauge-879,Avarankuppam,12.6842,78.5394,001-SRDCBE,Avarankuppam,0.01
INDOFLOODS-gauge-526,Barmanghat,23.0308,79.0156,012-NDBHP,Barmanghat,1.9
INDOFLOODS-gauge-640,Dhond,18.4739,74.5764,016-UKDPUNE,Daund,0.0
INDOFLOODS-gauge-681,Samdoli (seasonal),16.855,74.4967,003-UKDPUNE,Samdoli (Seasonal),0.15
INDOFLOODS-gauge-1003,haridwar,29.98,78.19,015-HGDDDN,Haridwar ,0.54
INDOFLOODS-gauge-589,Arjunwad (seasonal),16.7808,74.6333,004-UKDPUNE,Arjunwad (Seasonal),0.17
INDOFLOODS-gauge-412,Kalampur,9.9906,76.6322,013-SWRDKOCHI,KALAMPUR,0.01
INDOFLOODS-gauge-428,Kidangoor,9.6756,76.6056,015-SWRDKOCHI,KIDANGOOR,0.32
INDOFLOODS-gauge-370,Pulikukku,14.03,75.29,0036-CDBNG,Upper Tunga Prject,32.89
INDOFLOODS-gauge-1085,Harinkhola,22.8381,87.9031,015-DDASL,HARINKHOLA,0.08
INDOFLOODS-gauge-781,Baranwada,26.0,76.6667,010-CDJAPR,Baranwada,0.47
INDOFLOODS-gauge-208,Nanipalsan,20.2028,73.2811,029-TDSURAT,NANIPALSAN,0.0
INDOFLOODS-gauge-846,Nellithurai,11.2878,76.8911,010- SRDCBE,NELLITHURAI,0.0
INDOFLOODS-gauge-308,Jamshedpur,22.8156,86.2161,008-ERDBWN,Jamshedpur,0.01
INDOFLOODS-gauge-438,Malakkara,9.3325,76.6631,018-SWRDKOCHI,MALAKKARA,0.38
INDOFLOODS-gauge-1086,Hasimara,26.7292,89.3236,029-LBDJPG,Hasimara,0.22
INDOFLOODS-gauge-388,Narayanpur dam,16.1833,76.1833,002-LKDHYD,Narayanapur Reservoir,18.96
INDOFLOODS-gauge-830,Kodumudi,11.0811,77.8903,011-SRDCBE,KODUMUDI,0.13
INDOFLOODS-gauge-861,Paramakudi,9.5531,78.5861,018-SRDCBE,PARAMAKUDI,0.04
INDOFLOODS-gauge-512,Mahidpur,23.4806,75.6364,005-CDJAPR,Mahidpur,0.13
INDOFLOODS-gauge-196,Garudeshwar,21.885,73.6544,003-TDSURAT,Garudeshwar,0.72
INDOFLOODS-gauge-1056,Katwa,23.65,88.14,015-LGD3BEH,KATWA,0.14
INDOFLOODS-gauge-727,Jamsholaghat,22.2197,86.7167,010-ERDBWN,Jamsholaghat,0.0
INDOFLOODS-gauge-431,Pulamanthole,10.8992,76.1972,007-SWRDKOCHI,PULAMANTHOLE,0.59
INDOFLOODS-gauge-603,Wadakbal,17.5342,75.885,012-UKDPUNE,Wadakbal,0.03
INDOFLOODS-gauge-363,Malkhed,17.2031,77.1572,007-LKDHYD,Malkhed,0.09
INDOFLOODS-gauge-300,karnal,29.6956,77.1428,011-UYDDEL,Karnal,7.49
INDOFLOODS-gauge-959,dalmau,26.0583,81.0208,013-MGD2LKN,Dalmau,0.83
INDOFLOODS-gauge-346,Avershe,13.5214,74.88,026CDBNG,AVERSHE,0.0
INDOFLOODS-gauge-324,Shimoga,13.9269,75.585,001-CDBNG,Shimoga,0.0
INDOFLOODS-gauge-872,Musiri,10.9433,78.435,013-SRDCBE,MUSIRI,0.82
INDOFLOODS-gauge-979,Kalpi,26.2,79.7,006-LYDAGR,KALPI,9.86
INDOFLOODS-gauge-642,Narsingpur,17.9722,75.1392,010-UKDPUNE,Narsingpur,0.09
INDOFLOODS-gauge-884,Urachikottai,11.4778,77.7,009     -SRDCBE,URACHIKOTTAI,0.0
INDOFLOODS-gauge-682,Sarati,17.9114,75.0075,028-UKDPUNE,Sarati,0.06
INDOFLOODS-gauge-123,Tribeni,27.4417,83.9167,008-MGD4PTN,Triveni,1.16
INDOFLOODS-gauge-916,Singur dam,17.75,77.9283,018-UGDHYD,Singur Reservoir,0.18
INDOFLOODS-gauge-420,Neeleeswaram,10.1833,76.5,012-SWRDKOCHI,NEELEESWARAM,0.49
INDOFLOODS-gauge-654,Warunji,17.2722,74.165,002-UKDPUNE,Warunji,0.07
INDOFLOODS-gauge-318,Haladi,13.5811,74.8536,028CDBNG,HALADI,0.46
INDOFLOODS-gauge-968,Auraiya,26.4272,79.4181,005-LYDAGRA,AURAIYA,6.05
INDOFLOODS-gauge-967,Mohna,25.8071,79.4085,009-LYDAGRA,MOHANA,5.71
INDOFLOODS-gauge-511,Dhareri,23.1333,75.5147,001-CDJPR,Dhareri,1.71
INDOFLOODS-gauge-731,Rajghat,21.7678,87.1642,012-ERDBWN,Rajghat,0.0
INDOFLOODS-gauge-423,Ayilam,8.715,76.85,021-SWRDKOCHI,AYILAM ,0.46
INDOFLOODS-gauge-817,aklera.,24.4297,76.6039,017-CDJAPR,Aklera,0.0
INDOFLOODS-gauge-1076,Berhampore,24.0911,88.2431,008-LGD3BEH,BERHAMPORE,0.22
INDOFLOODS-gauge-403,Kuttyadi,11.625,75.7844,004-SWRDKOCHI,KUTTYADI,4.04
INDOFLOODS-gauge-1095,Gheropara        ,23.6167,87.7008,025-DDASL,GHEROPARA,0.27
INDOFLOODS-gauge-646,Nagothane,18.5192,73.1564,022-UKDPUNE,Nagothane,0.03
INDOFLOODS-gauge-1018,Mekhliganj,26.3325,88.8636,023-LBDJPG,Mekhliganj (R/B),0.42
INDOFLOODS-gauge-391,Yadgir,16.7375,77.1253,008-LKDHYD,Yadgir,0.0
INDOFLOODS-gauge-635,Kopergaon,19.8783,74.4819,006-UGDHYD,Kopergaon,1.55
INDOFLOODS-gauge-789,Manderial,26.2725,77.2753,013-CDJAPR,Manderial,0.93
INDOFLOODS-gauge-952,bani,26.6517,80.7942,015-MGD2LKN,Bani,0.0
INDOFLOODS-gauge-1013,Mathabhanga ,26.3253,89.2356,028-LBDJPG,Mathabhanga,0.12
INDOFLOODS-gauge-890,Ashramam,8.16,77.4575,023-SWRDKOCHI,ASHRAMAM,0.33
INDOFLOODS-gauge-395,Sadalga (seasonal),16.5639,74.5275,007-UKDPUNE,Sadalga (Seasonal),0.03
INDOFLOODS-gauge-338,Deosugur,16.3822,77.3572,004-LKDHYD,Deosugur,0.0
INDOFLOODS-gauge-1004,karanprayag,30.2556,79.2211,017-HGDDDN,Karnaprayag (P),0.07
INDOFLOODS-gauge-414,Karathodu,11.0569,76.0394,006-SWRDKOCHI,KARATHODU,0.01
INDOFLOODS-gauge-998,shrinagar,30.2258,78.7756,007-HGDDDN,Srinagar,1.12
INDOFLOODS-gauge-97,Kunturla,18.2,82.65,042-LGDHYD,Kunturla (Machkund),0.1
INDOFLOODS-gauge-481,Khatoli,25.6833,76.4833,016-CDJAPR,Khatoli,0.43
INDOFLOODS-gauge-1100,Katwa,23.65,88.14,015-LGD3BEH,KATWA,0.14
INDOFLOODS-gauge-1006,joshimath,30.5669,79.5525,002-HGDDDN,Joshimath,0.08
INDOFLOODS-gauge-956,lucknow,26.8611,80.9464,014-MGD2LKN,Lucknow,0.1
INDOFLOODS-gauge-836,Murappanadu,8.7144,77.835,021-SRDCBE,MURAPPANADU,0.0
INDOFLOODS-gauge-407,Erinjipuzha,12.4792,75.1472,001-SWRDKOCHI,ERINJIPUZHA,2.13
INDOFLOODS-gauge-896,Thengumarahada,11.5728,76.9192,005-SRDCBE,THENGUMARAHADA,0.0
INDOFLOODS-gauge-917,K. agraharam,16.2592,77.8411,015-LKDHYD,K. Agraharam,0.18
INDOFLOODS-gauge-506,Garrauli,24.6411,79.2833,055-LYDAGRA,DEVRA,37.15
INDOFLOODS-gauge-925,Bhadrachalam,17.6681,80.8772,017-LGDHYD,Bhadrachalam,0.38
INDOFLOODS-gauge-833,Kukkalthurai,11.49,76.83,039-SRDCBE,Kukkalthurai,0.56
INDOFLOODS-gauge-926,Jewangi,17.2544,77.4628,006-LKDHYD,Jewangi,0.01
INDOFLOODS-gauge-415,Kuniyil,11.2394,76.0233,005-SWRDKOCHI,KUNIYIL,0.01
INDOFLOODS-gauge-684,Karad,17.2944,74.1903,001-UKDPUNE,Karad,0.09
INDOFLOODS-gauge-430,Arangali,10.2814,76.3153,011-SWRDKOCHI,ARANGALI,0.92
INDOFLOODS-gauge-162,Silvassa,20.2703,72.9869,030-TDSURAT,SILVASSA,0.29
INDOFLOODS-gauge-790,Mandawara,25.3853,76.1519,011-CDJAPR,Mandawara,0.79
INDOFLOODS-gauge-303,paonta,30.4253,77.5919,035-UYDDEL,Ganguwala,1.82
INDOFLOODS-gauge-411,Ramamangalam,9.845,76.4667,014-SWRDKOCHI,RAMAMANGALAM,11.04
INDOFLOODS-gauge-950,bareilly,28.2992,79.3667,009-MGD2LKN,Bareilly,0.03
INDOFLOODS-gauge-1010,L.R.P. Crossing,26.46,89.86,007-LBDJPG,Sankosh LRP,0.31
INDOFLOODS-gauge-376,Huvinhedigi,16.4911,76.9231,003-LKDHYD,Huvinhedigi,0.09
INDOFLOODS-gauge-885,Irrukkankudi,9.3239,77.9903,019-SRDCBE,IRRUKKANKUDI,0.04
INDOFLOODS-gauge-1020,Mundeswari/Harinkhola,22.8381,87.9031,015-DDASL,HARINKHOLA,0.08
INDOFLOODS-gauge-175,Panam dam,23.0542,73.7167,010-MAHGAND,Panam Dam,0.01
INDOFLOODS-gauge-814,Banas at abu road,24.4939,72.7917,028-MAHGAND,Abu Road,0.15
INDOFLOODS-gauge-775,Chittorgarh,24.8667,74.6356,014-CDJAPR,Chittorgarh,3.68
INDOFLOODS-gauge-898,Gummanur,12.555,78.1386,002-SRDCBE,GUMMANUR,0.03
INDOFLOODS-gauge-243,Kadana dam,23.3064,73.8261,007-MAHGAND,Kadana Dam,0.19
INDOFLOODS-gauge-665,Wankhed,20.99,76.73,039-TDSURAT,WANKHED,1.4
INDOFLOODS-gauge-544,Mandla,22.5992,80.3639,010-NDBHP,Mandla,0.17
INDOFLOODS-gauge-786,Mahi dam,23.6275,74.5453,005-MAHGAND,Mahi Bajaj Sagar Dam,0.23
INDOFLOODS-gauge-944,Khowai,24.0789,91.5919,004-MDSIL,KHOWAI,1.94
INDOFLOODS-gauge-422,Nellipalli,9.03,76.92,039-SWRDKOCHI,NELLIPPALLI,0.57
INDOFLOODS-gauge-1084,Hanskhali,23.3553,88.6061,011-LGD3BEH,HANSKHALI,0.38
INDOFLOODS-gauge-406,Kottathara,11.13,76.68,40- SRDCBE,KOTTATHARA,0.74
INDOFLOODS-gauge-421,Palakadavu,10.43,76.24,033-SWRDKOCHI,PALAKADAVU,0.61
INDOFLOODS-gauge-596,Niivali,17.0692,73.45,023-UKDPUNE,Niivali,0.27
INDOFLOODS-gauge-1005,koteswar,30.3308,78.4883,062-HGDDDN,Tehri Dam,5.32
INDOFLOODS-gauge-844,Nallamaranpatty,10.8808,77.9847,014-SRDCBE,NALLAMARANPATTY,0.0
INDOFLOODS-gauge-645,Nasik,20.0019,73.8033,003-UGDHYD,Nasik,0.01
INDOFLOODS-gauge-961,bhatpurwagat,27.1911,80.8,006-MGD2LKN,Bhatpurwaghat,0.0
INDOFLOODS-gauge-446,Pudur,10.78,76.575,009-SWRDKOCHI,PUDUR,6.86
INDOFLOODS-gauge-943,Eturunagaram,18.6203,79.8042,001-LGDHYD,Somanpally(Seasonal),0.6
INDOFLOODS-gauge-585,Ozerkheda,20.1006,73.2706,027-TDSURAT,OZERKHEDA,0.06
INDOFLOODS-gauge-617,Hathnur,21.0719,75.9461,016-TDSURAT,HATHNUR,0.46
INDOFLOODS-gauge-922,Dummugudem,17.8372,80.8861,016-LGDHYD,Dummagudem,1.82
INDOFLOODS-gauge-1042,Mansai/Mathabhanga ,26.3253,89.2356,028-LBDJPG,Mathabhanga,0.12
INDOFLOODS-gauge-31,Kunavaram,17.5731,81.25,024-LGDHYD,Kunavaram,0.62
INDOFLOODS-gauge-551,Tal.,23.7233,75.3469,002-CDJAPR,Tal,0.33
INDOFLOODS-gauge-648,Pen,18.7367,73.1108,022-UKDPUNE,Nagothane,24.69
INDOFLOODS-gauge-367,Bhadra dam,13.7,75.64,0037-CDBNG,Bhadra Reservoir,0.4
INDOFLOODS-gauge-913,Srisailam dam,16.0869,78.8967,016-LKDHYD,Srisailam Reservoir,0.84
INDOFLOODS-gauge-426,Manikal,9.53,76.91,032-SWRDKOCHI,MANIKAL,0.27
INDOFLOODS-gauge-404,Chakkalakuth,11.26,76.24,024-SWRDKOCHI,CHAKKALAKUTH,0.49
INDOFLOODS-gauge-445,Pallippady,10.04,76.62,034-SWRDKOCHI,PALLIPPADY,0.4
INDOFLOODS-gauge-787,Bigod,25.2506,75.035,008-CDJAPR,Bigod,0.08
INDOFLOODS-gauge-434,Madamon,9.36,76.84,038-SWRDKOCHI,MADAMON,0.5
INDOFLOODS-gauge-19,Dowlaiswaram(state gov. site),16.9383,81.7825,028-LGDHYD,Dowlaiswaram (State Govt Site),0.0
INDOFLOODS-gauge-485,Indirasagar dam,22.28,76.47,NBO-1-046-1247,Indira Sagar Reservoir,0.25
INDOFLOODS-gauge-180,Surat,21.2,72.82,023-TDSURAT,Surat,0.0
INDOFLOODS-gauge-602,Mahad,18.0922,73.4603,017-UKDPUNE,Mahad,0.03
INDOFLOODS-gauge-705,Rengali dam u/s,21.29,85.03,061-ERDBWN,Rengali Reservoir,1.11
INDOFLOODS-gauge-668,Badlapur,19.1622,73.2544,014-UKDPUNE,Badlapur,0.02
INDOFLOODS-gauge-656,Nandre,16.95,74.53,042-UKD PUNE,NANDRE,0.1
INDOFLOODS-gauge-345,Kokangaon,17.2864,75.6372,018-UKDPUNE,Kokangaon,0.0
INDOFLOODS-gauge-329,Deongaon bridge,17.1703,76.3283,005-LKDHYD,Deongaon Bridge,0.18
INDOFLOODS-gauge-399,Peruvampadam,11.32,76.2,025-SWRDKOCHI,PERUVAMPADAM,0.66
INDOFLOODS-gauge-694,Akhuapada,20.9156,86.2747,016-ERDBWN,Akhuapada,0.54
INDOFLOODS-gauge-889,Elunuthimangalam,11.0317,77.8875,012-SRDCBE,ELUNUTHIMANGALAM,0.0
INDOFLOODS-gauge-734,Naraj,20.475,85.775,036-MDBURLA,Naraj,1.05
INDOFLOODS-gauge-1074,Englishbazar ,24.0031,88.1375,008-LGD3BEH,BERHAMPORE,14.33
INDOFLOODS-gauge-441,Perumannu,11.9814,75.5875,002-SWRDKOCHI,PERUMANNU,0.38
INDOFLOODS-gauge-1012,L.R.P. Crossing,26.47,89.79,006-LBDJPG,Barabisha,0.64
INDOFLOODS-gauge-294,Nanipalson,20.2028,73.2811,029-TDSURAT,NANIPALSAN,0.0
INDOFLOODS-gauge-832,Alandurai,10.95,76.79,036-SRDCBE,Alandurai,0.56
INDOFLOODS-gauge-626,Ujani dam,18.07,75.12,035-UKDPUNE,Ujjani Reservoir,0.0
INDOFLOODS-gauge-877,Mettur dam,11.8,77.8,0024-SRDCWC,Mettur Reservoir,0.0
